id;title;entity_field_name;type;table_column_name;column_width;hide_in_list;common_table_id;system;edit_in_list;client_read_only;field_values;order;not_null;validate_rules;tree_indicator;end_used;hide_in_form;sortable
1;ID;id;LONG;id;100;false;1;true;false;true;NULL;0;false;NULL;false;NULL;false;true
2;登录名;login;STRING;login;100;false;1;true;false;false;NULL;1;true;NULL;false;NULL;false;true
3;密码;password;STRING;password_hash;100;true;1;true;false;false;NULL;2;true;NULL;false;NULL;true;false
4;名字;firstName;STRING;first_name;100;false;1;true;false;false;NULL;3;false;NULL;false;NULL;false;false
5;姓;lastName;STRING;last_name;100;false;1;true;false;false;NULL;4;false;NULL;false;NULL;false;false
6;邮箱;email;STRING;email;100;false;1;true;false;false;NULL;5;false;NULL;false;NULL;false;true
7;是否激活;activated;BOOLEAN;activated;100;false;1;true;true;false;NULL;6;false;NULL;false;NULL;false;true
8;用户语言;langKey;STRING;lang_key;100;true;1;true;false;false;NULL;7;false;NULL;false;NULL;false;false
9;头像地址;imageUrl;STRING;image_url;100;false;1;true;false;false;NULL;8;false;NULL;false;AVATAR;false;false
10;激活码;activationKey;STRING;activation_key;100;true;1;true;false;false;NULL;9;false;NULL;false;NULL;false;false
11;重置码;resetKey;STRING;reset_key;100;true;1;true;false;false;NULL;10;false;NULL;false;NULL;false;false
12;重置时间;resetDate;ZONED_DATE_TIME;reset_date;100;true;1;true;false;false;NULL;11;false;NULL;false;NULL;false;false
13;Id;id;STRING;id;100;false;2;true;false;false;NULL;0;false;NULL;false;NULL;false;true
14;processDefinitionId;processDefinitionId;STRING;processDefinitionId;100;false;2;true;false;false;NULL;0;false;NULL;false;NULL;false;false
15;processDefinitionUrl;processDefinitionUrl;STRING;processDefinitionUrl;100;false;2;true;false;false;NULL;0;false;NULL;false;NULL;false;false
16;processInstanceId;processInstanceId;STRING;processInstanceId;100;false;2;true;false;false;NULL;0;false;NULL;false;NULL;false;false
17;processInstanceUrl;processInstanceUrl;STRING;processInstanceUrl;100;false;2;true;false;false;NULL;0;false;NULL;false;NULL;false;false
18;executionId;executionId;STRING;executionId;100;false;2;true;false;false;NULL;0;false;NULL;false;NULL;false;false
19;name;name;STRING;name;100;false;2;true;false;false;NULL;0;false;NULL;false;NULL;false;false
20;description;description;STRING;description;100;false;2;true;false;false;NULL;0;false;NULL;false;NULL;false;false
21;deleteReason;deleteReason;STRING;deleteReason;100;false;2;true;false;false;NULL;0;false;NULL;false;NULL;false;false
22;owner;owner;STRING;owner;100;false;2;true;false;false;NULL;0;false;NULL;false;NULL;false;false
23;assignee;assignee;STRING;assignee;100;false;2;true;false;false;NULL;0;false;NULL;false;NULL;false;false
24;startTime;startTime;STRING;startTime;100;false;2;true;false;false;NULL;0;false;NULL;false;NULL;false;false
25;endTime;endTime;STRING;endTime;100;false;2;true;false;false;NULL;0;false;NULL;false;NULL;false;false
26;durationInMillis;durationInMillis;LONG;durationInMillis;100;false;2;true;false;false;NULL;0;false;NULL;false;NULL;false;false
27;workTimeInMillis;workTimeInMillis;LONG;workTimeInMillis;100;false;2;true;false;false;NULL;0;false;NULL;false;NULL;false;false
28;claimTime;claimTime;STRING;claimTime;100;false;2;true;false;false;NULL;0;false;NULL;false;NULL;false;false
29;taskDefinitionKey;taskDefinitionKey;STRING;taskDefinitionKey;100;false;2;true;false;false;NULL;0;false;NULL;false;NULL;false;false
30;formKey;formKey;STRING;formKey;100;false;2;true;false;false;NULL;0;false;NULL;false;NULL;false;false
31;priority;priority;STRING;priority;100;false;2;true;false;false;NULL;0;false;NULL;false;NULL;false;false
32;dueDate;dueDate;LONG;dueDate;100;false;2;true;false;false;NULL;0;false;NULL;false;NULL;false;false
33;parentTaskId;parentTaskId;STRING;parentTaskId;100;false;2;true;false;false;NULL;0;false;NULL;false;NULL;false;false
34;url;url;STRING;url;100;false;2;true;false;false;NULL;0;false;NULL;false;NULL;false;false
35;tenantId;tenantId;STRING;tenantId;100;false;2;true;false;false;NULL;0;false;NULL;false;NULL;false;false
36;Id;id;LONG;id;80;true;3;true;false;true;NULL;0;false;NULL;false;NULL;false;true
37;角色名称;name;STRING;name;160;false;3;true;false;false;NULL;1;false;NULL;true;NULL;false;false
38;角色代号;code;STRING;code;160;false;3;true;false;false;NULL;2;false;NULL;false;NULL;false;false
39;信息;info;STRING;info;160;false;3;true;false;false;NULL;3;false;NULL;false;NULL;false;false
40;排序;order;INTEGER;order;80;false;3;true;false;false;NULL;4;false;NULL;false;NULL;false;false
41;展示;display;BOOLEAN;display;70;false;3;true;false;false;NULL;5;false;NULL;false;NULL;false;false
43;ID;id;LONG;id;80;false;4;true;false;true;NULL;1;false;NULL;false;NULL;false;false
44;名称;name;STRING;name;160;false;4;true;false;false;NULL;2;false;NULL;false;NULL;false;false
45;代码;code;STRING;code;160;false;4;true;false;false;NULL;3;false;NULL;false;NULL;false;false
46;说明;description;STRING;description;160;false;4;true;false;false;NULL;4;false;NULL;false;NULL;false;false
47;创建用户 Id;createUserId;LONG;create_user_id;80;false;4;true;false;false;NULL;5;false;NULL;false;NULL;false;false
48;创建时间;createTime;ZONED_DATE_TIME;create_time;140;false;4;true;false;false;NULL;6;false;NULL;false;NULL;false;false
50;ID;id;LONG;id;80;false;5;true;false;true;NULL;1;false;NULL;false;NULL;false;false
51;标题;title;STRING;title;160;false;5;true;false;false;NULL;2;true;{"required":true,"maxLength":100};false;NULL;false;false
52;属性名称;entityFieldName;STRING;entity_field_name;160;false;5;true;false;false;NULL;3;true;{"required":true,"maxLength":100};false;NULL;false;false
53;数据类型;type;ENUM;type;100;false;5;true;false;false;{"INTEGER":"INTEGER","LONG":"LONG","BOOLEAN":"BOOLEAN","STRING":"STRING","FLOAT":"FLOAT","DOUBLE":"DOUBLE","ZONED_DATE_TIME":"ZONED_DATE_TIME","LOCATE_DATE":"LOCATE_DATE","BIG_DECIMAL":"BIG_DECIMAL","TEXTBLOB":"TEXTBLOB","IMAGEBLOB":"IMAGEBLOB","ARRAY":"ARRAY","ENUM":"ENUM","UPLOAD_IMAGE":"UPLOAD_IMAGE","UPLOAD_FILE":"UPLOAD_FILE","ENTITY":"ENTITY","RADIO":"RADIO","MULTI_SELECT":"MULTI_SELECT","DATA_DICTIONARY":"DATA_DICTIONARY","UUID":"UUID"};4;true;{"required":true};false;NULL;false;false
54;字段名称;tableColumnName;STRING;table_column_name;160;false;5;true;false;false;NULL;5;true;{"required":true,"maxLength":100};false;NULL;false;false
55;列宽;columnWidth;INTEGER;column_width;80;false;5;true;false;false;NULL;6;false;{"min":0,"max":1200};false;NULL;false;false
56;显示顺序;order;INTEGER;`order`;80;false;5;true;false;false;NULL;7;false;NULL;false;NULL;false;false
57;行内编辑;editInList;BOOLEAN;edit_in_list;70;false;5;true;true;false;NULL;8;false;NULL;false;NULL;false;false
58;列表隐藏;hideInList;BOOLEAN;hide_in_list;70;false;5;true;false;false;NULL;9;false;NULL;false;NULL;false;false
59;表单隐藏;hideInForm;BOOLEAN;hide_in_form;70;false;5;true;false;false;NULL;10;false;NULL;false;NULL;false;false
60;可过滤;enableFilter;BOOLEAN;enable_filter;70;false;5;true;false;false;NULL;11;false;NULL;false;NULL;false;false
61;验证规则;validateRules;STRING;validate_rules;160;false;5;true;false;false;NULL;12;false;{"maxLength":800};false;NULL;false;false
62;显示在过滤树;showInFilterTree;BOOLEAN;show_in_filter_tree;70;false;5;true;false;false;NULL;13;false;NULL;false;NULL;false;false
63;列固定;fixed;ENUM;fixed;100;false;5;true;false;false;{"LEFT":"LEFT","RIGHT":"RIGHT"};14;false;NULL;false;NULL;false;false
64;可排序;sortable;BOOLEAN;sortable;70;false;5;true;false;false;NULL;15;false;NULL;false;NULL;false;false
65;树形标识;treeIndicator;BOOLEAN;tree_indicator;70;false;5;true;false;false;NULL;16;false;NULL;false;NULL;false;false
66;前端只读;clientReadOnly;BOOLEAN;client_read_only;70;false;5;true;false;false;NULL;17;false;NULL;false;NULL;false;false
67;值范围;fieldValues;STRING;field_values;160;false;5;true;false;false;NULL;18;false;{"maxLength":2000};false;NULL;false;false
68;必填;notNull;BOOLEAN;not_null;70;false;5;true;false;false;NULL;19;false;NULL;false;NULL;false;false
69;系统字段;system;BOOLEAN;`system`;70;false;5;true;false;false;NULL;20;false;NULL;false;NULL;false;false
70;字段说明;help;STRING;help;160;false;5;true;false;false;NULL;21;false;{"maxLength":200};false;NULL;false;false
71;字体颜色;fontColor;STRING;font_color;160;false;5;true;false;false;NULL;22;false;{"maxLength":80};false;NULL;false;false
72;列背景色;backgroundColor;STRING;background_color;160;false;5;true;false;false;NULL;23;false;{"maxLength":80};false;NULL;false;false
73;空值隐藏;nullHideInForm;BOOLEAN;null_hide_in_form;70;false;5;true;false;false;NULL;24;false;NULL;false;NULL;false;false
74;前端用法;endUsed;ENUM;end_used;100;false;5;true;false;false;{"FILE_URL":"FILE_URL","IMAGE_URL":"IMAGE_URL","VIDEO_URL":"VIDEO_URL","AUDIO_URL":"AUDIO_URL","EDITOR":"EDITOR","CODE_EDITOR":"CODE_EDITOR","SELECT":"SELECT","MODAL_SELECT":"MODAL_SELECT","CHECKBOX":"CHECKBOX","RADIO":"RADIO","RATE":"RATE","SLIDER":"SLIDER","SWITCH":"SWITCH","TEXT_AREA":"TEXT_AREA","AVATAR":"AVATAR"};25;false;NULL;false;NULL;false;false
75;关系配置项;options;STRING;options;160;false;5;true;false;false;NULL;26;false;NULL;false;CODE_EDITOR;false;false
77;ID;id;LONG;id;80;false;6;true;false;true;NULL;1;false;NULL;false;NULL;false;false
78;消息标题;title;STRING;title;160;false;6;true;false;false;NULL;2;false;NULL;false;NULL;false;false
79;发送方式;sendType;ENUM;send_type;100;false;6;true;false;false;{"EMAIL":"EMAIL","SMS":"SMS","WECHAT":"WECHAT"};3;false;NULL;false;NULL;false;false
80;接收人;receiver;STRING;receiver;160;false;6;true;false;false;NULL;4;false;NULL;false;NULL;false;false
81;发送所需参数Json格式;params;STRING;params;160;false;6;true;false;false;NULL;5;false;NULL;false;NULL;false;false
82;推送内容;content;TEXTBLOB;content;100;false;6;true;false;false;NULL;6;false;NULL;false;NULL;false;false
83;推送时间;sendTime;ZONED_DATE_TIME;send_time;140;false;6;true;false;false;NULL;7;false;NULL;false;NULL;false;false
84;推送状态;sendStatus;ENUM;send_status;100;false;6;true;false;false;{"WAITING":"WAITING","SUCCESS":"SUCCESS","FAILURE":"FAILURE","NOT_TRY":"NOT_TRY"};8;false;NULL;false;NULL;false;false
85;发送次数 超过5次不再发送;retryNum;INTEGER;retry_num;80;false;6;true;false;false;NULL;9;false;NULL;false;NULL;false;false
86;推送失败原因;failResult;STRING;fail_result;160;false;6;true;false;false;NULL;10;false;NULL;false;NULL;false;false
87;备注;remark;STRING;remark;160;false;6;true;false;false;NULL;11;false;NULL;false;NULL;false;false
89;ID;id;LONG;id;80;false;7;true;false;true;NULL;1;false;NULL;false;NULL;false;false
90;提供商;provider;ENUM;provider;100;false;7;true;false;false;{"MINIO":"MINIO","QINIU":"QINIU","ALI":"ALI","TENCENT":"TENCENT","LOCAL":"LOCAL"};2;false;NULL;false;NULL;false;false
91;资源编号;ossCode;STRING;oss_code;160;false;7;true;false;false;NULL;3;false;NULL;false;NULL;false;false
92;资源地址;endpoint;STRING;endpoint;160;false;7;true;false;false;NULL;4;false;NULL;false;NULL;false;false
93;accessKey;accessKey;STRING;access_key;160;false;7;true;false;false;NULL;5;false;NULL;false;NULL;false;false
94;secretKey;secretKey;STRING;secret_key;160;false;7;true;false;false;NULL;6;false;NULL;false;NULL;false;false
95;空间名;bucketName;STRING;bucket_name;160;false;7;true;false;false;NULL;7;false;NULL;false;NULL;false;false
96;应用ID;appId;STRING;app_id;160;false;7;true;false;false;NULL;8;false;NULL;false;NULL;false;false
97;地域简称;region;STRING;region;160;false;7;true;false;false;NULL;9;false;NULL;false;NULL;false;false
98;备注;remark;STRING;remark;160;false;7;true;false;false;NULL;10;false;NULL;false;NULL;false;false
99;启用;enabled;BOOLEAN;enabled;70;false;7;true;false;false;NULL;11;false;NULL;false;NULL;false;false
101;ID;id;LONG;id;80;true;8;true;false;true;NULL;1;false;NULL;false;NULL;false;false
102;服务名称;serviceName;STRING;service_name;160;false;8;true;false;false;NULL;2;false;NULL;false;NULL;false;false
103;权限名称;name;STRING;name;160;false;8;true;false;false;NULL;3;false;NULL;true;NULL;false;false
104;权限代码(ROLE_开头);code;STRING;code;160;false;8;true;false;false;NULL;4;false;NULL;false;NULL;false;false
105;权限描述;description;STRING;description;160;false;8;true;false;false;NULL;5;false;NULL;false;NULL;false;false
106;类型;type;ENUM;type;100;false;8;true;false;false;{"BUSINESS":"BUSINESS","API":"API","ENTITY":"ENTITY","MICRO_SERVICE":"MICRO_SERVICE"};6;false;NULL;false;NULL;false;false
107;请求类型;method;STRING;method;160;false;8;true;false;false;NULL;7;false;NULL;false;NULL;false;false
108;url 地址;url;STRING;url;160;false;8;true;false;false;NULL;8;false;NULL;false;NULL;false;false
109;状态;status;ENUM;status;100;false;8;true;false;false;{"CONFIGURABLE":"CONFIGURABLE","PERMIT_ALL":"PERMIT_ALL","UNREACHABLE":"UNREACHABLE","AUTHENTICATE":"AUTHENTICATE"};9;false;NULL;false;NULL;false;false
111;ID;id;LONG;id;80;false;9;true;false;true;NULL;1;false;NULL;false;NULL;false;false
112;完整文件名;fullName;STRING;full_name;160;false;9;true;false;false;NULL;2;false;NULL;false;NULL;false;false
113;文件名;name;STRING;name;160;false;9;true;false;false;NULL;3;false;NULL;false;NULL;false;false
114;扩展名;ext;STRING;ext;160;false;9;true;false;false;NULL;4;false;NULL;false;NULL;false;false
115;文件类型;type;STRING;type;160;false;9;true;false;false;NULL;5;false;NULL;false;NULL;false;false
116;Web Url地址;url;STRING;url;160;false;9;true;false;false;NULL;6;false;NULL;false;NULL;false;false
117;本地路径;path;STRING;path;160;false;9;true;false;false;NULL;7;false;NULL;false;NULL;false;false
118;本地存储目录;folder;STRING;folder;160;false;9;true;false;false;NULL;8;false;NULL;false;NULL;false;false
119;使用实体名称;entityName;STRING;entity_name;160;false;9;true;false;false;NULL;9;false;NULL;false;NULL;false;false
120;创建时间;createAt;ZONED_DATE_TIME;create_at;140;false;9;true;false;false;NULL;10;false;NULL;false;NULL;false;false
121;文件大小;fileSize;LONG;file_size;80;false;9;true;false;false;NULL;11;false;NULL;false;NULL;false;false
122;小图Url;smartUrl;STRING;smart_url;160;false;9;true;false;false;NULL;12;false;NULL;false;NULL;false;false
123;中等图Url;mediumUrl;STRING;medium_url;160;false;9;true;false;false;NULL;13;false;NULL;false;NULL;false;false
124;文件被引用次数;referenceCount;LONG;reference_count;80;false;9;true;false;false;NULL;14;false;NULL;false;NULL;false;false
126;ID;id;LONG;id;80;false;10;true;false;true;NULL;1;false;NULL;false;NULL;false;false
127;提供商;provider;ENUM;provider;100;false;10;true;false;false;{"YUNPIAN":"YUNPIAN","QINIU":"QINIU","ALI":"ALI","TENCENT":"TENCENT"};2;false;NULL;false;NULL;false;false
128;资源编号;smsCode;STRING;sms_code;160;false;10;true;false;false;NULL;3;false;NULL;false;NULL;false;false
129;模板ID;templateId;STRING;template_id;160;false;10;true;false;false;NULL;4;false;NULL;false;NULL;false;false
130;accessKey;accessKey;STRING;access_key;160;false;10;true;false;false;NULL;5;false;NULL;false;NULL;false;false
131;secretKey;secretKey;STRING;secret_key;160;false;10;true;false;false;NULL;6;false;NULL;false;NULL;false;false
132;regionId;regionId;STRING;region_id;160;false;10;true;false;false;NULL;7;false;NULL;false;NULL;false;false
133;短信签名;signName;STRING;sign_name;160;false;10;true;false;false;NULL;8;false;NULL;false;NULL;false;false
134;备注;remark;STRING;remark;160;false;10;true;false;false;NULL;9;false;NULL;false;NULL;false;false
135;启用;enabled;BOOLEAN;enabled;70;false;10;true;false;false;NULL;10;false;NULL;false;NULL;false;false
137;ID;id;LONG;id;80;false;11;true;false;true;NULL;1;false;NULL;false;NULL;false;false
138;名称;name;STRING;name;160;false;11;true;false;false;NULL;2;false;NULL;false;NULL;false;false
139;内容;content;TEXTBLOB;content;100;false;11;true;false;false;NULL;3;false;NULL;false;NULL;false;false
140;创建时间;createAt;ZONED_DATE_TIME;create_at;140;false;11;true;false;false;NULL;4;false;NULL;false;NULL;false;false
141;更新时间;updateAt;ZONED_DATE_TIME;update_at;140;false;11;true;false;false;NULL;5;false;NULL;false;NULL;false;false
143;ID;id;LONG;id;80;false;12;true;false;true;NULL;1;false;NULL;false;NULL;false;false
144;通告ID;anntId;LONG;annt_id;80;false;12;true;false;false;NULL;2;false;NULL;false;NULL;false;false
145;用户id;userId;LONG;user_id;80;false;12;true;false;false;NULL;3;false;NULL;false;NULL;false;false
146;是否已读;hasRead;BOOLEAN;has_read;70;false;12;true;false;false;NULL;4;false;NULL;false;NULL;false;false
147;阅读时间;readTime;ZONED_DATE_TIME;read_time;140;false;12;true;false;false;NULL;5;false;NULL;false;NULL;false;false
149;ID;id;LONG;id;80;true;13;true;false;true;NULL;1;false;NULL;false;NULL;false;false
150;名称;name;STRING;name;160;false;13;true;false;false;NULL;2;false;NULL;true;NULL;false;false
151;代码;code;STRING;code;160;false;13;true;false;false;NULL;3;false;NULL;false;NULL;false;false
152;地址;address;STRING;address;160;false;13;true;false;false;NULL;4;false;NULL;false;NULL;false;false
153;联系电话;phoneNum;STRING;phone_num;160;false;13;true;false;false;NULL;5;false;NULL;false;NULL;false;false
154;logo地址;logo;STRING;logo;160;false;13;true;false;false;NULL;6;false;NULL;false;IMAGE_URL;false;false
155;联系人;contact;STRING;contact;160;false;13;true;false;false;NULL;7;false;NULL;false;NULL;false;false
156;创建用户 Id;createUserId;LONG;create_user_id;80;false;13;true;false;false;NULL;8;false;NULL;false;NULL;false;false
157;创建时间;createTime;ZONED_DATE_TIME;create_time;140;false;13;true;false;false;NULL;9;false;NULL;false;NULL;false;false
159;ID;id;LONG;id;80;false;14;true;false;true;NULL;1;false;NULL;false;NULL;false;false
160;模板标题;name;STRING;name;160;false;14;true;false;false;NULL;2;false;NULL;false;NULL;false;false
161;模板CODE;code;STRING;code;160;false;14;true;false;false;NULL;3;false;NULL;false;NULL;false;false
162;模板类型;type;ENUM;type;100;false;14;true;false;false;{"EMAIL":"EMAIL","SMS":"SMS","WECHAT":"WECHAT"};4;false;NULL;false;NULL;false;false
163;模板内容;content;STRING;content;160;false;14;true;false;false;NULL;5;false;NULL;false;NULL;false;false
164;模板测试json;testJson;STRING;test_json;160;false;14;true;false;false;NULL;6;false;NULL;false;NULL;false;false
166;ID;id;LONG;id;80;false;15;true;false;true;NULL;1;false;NULL;false;NULL;false;false
167;标题;title;STRING;title;160;false;15;true;false;false;NULL;2;false;NULL;false;NULL;false;false
168;说明;remark;STRING;remark;160;false;15;true;false;false;NULL;3;false;NULL;false;NULL;false;false
169;属性名;fieldName;STRING;field_name;160;false;15;true;false;false;NULL;4;false;NULL;false;NULL;false;false
170;属性值;fieldValue;STRING;field_value;160;false;15;true;false;false;NULL;5;false;NULL;false;NULL;false;false
171;属性类型;fieldType;ENUM;field_type;100;false;15;true;false;false;{"INTEGER":"INTEGER","LONG":"LONG","BOOLEAN":"BOOLEAN","STRING":"STRING","FLOAT":"FLOAT","DOUBLE":"DOUBLE","ZONED_DATE_TIME":"ZONED_DATE_TIME","LOCATE_DATE":"LOCATE_DATE","BIG_DECIMAL":"BIG_DECIMAL","TEXTBLOB":"TEXTBLOB","IMAGEBLOB":"IMAGEBLOB","ARRAY":"ARRAY","ENUM":"ENUM","UPLOAD_IMAGE":"UPLOAD_IMAGE","UPLOAD_FILE":"UPLOAD_FILE","ENTITY":"ENTITY","RADIO":"RADIO","MULTI_SELECT":"MULTI_SELECT","DATA_DICTIONARY":"DATA_DICTIONARY","UUID":"UUID"};6;false;NULL;false;NULL;false;false
173;ID;id;LONG;id;80;false;16;true;false;true;NULL;1;false;NULL;false;NULL;false;false
174;标题;titile;STRING;titile;160;false;16;true;false;false;NULL;2;false;NULL;false;NULL;false;false
175;内容;content;TEXTBLOB;content;100;false;16;true;false;false;NULL;3;false;NULL;false;NULL;false;false
176;开始时间;startTime;ZONED_DATE_TIME;start_time;140;false;16;true;false;false;NULL;4;false;NULL;false;NULL;false;false
177;结束时间;endTime;ZONED_DATE_TIME;end_time;140;false;16;true;false;false;NULL;5;false;NULL;false;NULL;false;false
178;发布人Id;senderId;LONG;sender_id;80;false;16;true;false;false;NULL;6;false;NULL;false;NULL;false;false
179;优先级;priority;ENUM;priority;100;false;16;true;false;false;{"HIGH":"HIGH","MEDIUM":"MEDIUM","LOW":"LOW"};7;false;NULL;false;NULL;false;false
180;消息类型;category;ENUM;category;100;false;16;true;false;false;{"SYSTEM_INFO":"SYSTEM_INFO","NOTICE":"NOTICE"};8;false;NULL;false;NULL;false;false
181;通告对象类型;receiverType;ENUM;receiver_type;100;false;16;true;false;false;{"USER":"USER","ALL":"ALL","DEPARTMENT":"DEPARTMENT","AUTHORITY":"AUTHORITY","POSITION":"POSITION"};9;false;NULL;false;NULL;false;false
182;发布状态;sendStatus;ENUM;send_status;100;false;16;true;false;false;{"NOT_RELEASE":"NOT_RELEASE","RELEASED":"RELEASED","CANCELED":"CANCELED"};10;false;NULL;false;NULL;false;false
183;发布时间;sendTime;ZONED_DATE_TIME;send_time;140;false;16;true;false;false;NULL;11;false;NULL;false;NULL;false;false
184;撤销时间;cancelTime;ZONED_DATE_TIME;cancel_time;140;false;16;true;false;false;NULL;12;false;NULL;false;NULL;false;false
185;业务类型;businessType;ENUM;business_type;100;false;16;true;false;false;{"EMAIL":"EMAIL","WORKFLOW":"WORKFLOW"};13;false;NULL;false;NULL;false;false
186;业务id;businessId;LONG;business_id;80;false;16;true;false;false;NULL;14;false;NULL;false;NULL;false;false
187;打开方式;openType;ENUM;open_type;100;false;16;true;false;false;{"URL":"URL","COMPONENT":"COMPONENT"};15;false;NULL;false;NULL;false;false
188;组件/路由 地址;openPage;STRING;open_page;160;false;16;true;false;false;NULL;16;false;NULL;false;NULL;false;false
189;指定接收者id;receiverIds;ARRAY;receiver_ids;100;false;16;true;false;false;NULL;17;false;NULL;false;NULL;false;false
190;摘要;summary;TEXTBLOB;summary;100;false;16;true;false;false;NULL;18;false;NULL;false;NULL;false;false
192;ID;id;LONG;id;80;false;17;true;false;true;NULL;1;false;NULL;false;NULL;false;false
193;标题;title;STRING;title;160;false;17;true;false;false;NULL;2;false;{"maxLength":200};false;NULL;false;false
194;ApiKey;apiKey;STRING;api_key;160;false;17;true;false;false;NULL;3;false;{"unique":true};false;NULL;false;false
195;创建时间;createAt;ZONED_DATE_TIME;create_at;140;false;17;true;false;false;NULL;4;false;NULL;false;NULL;false;false
196;更新时间;updateAt;ZONED_DATE_TIME;update_at;140;false;17;true;false;false;NULL;5;false;NULL;false;NULL;false;false
197;来源类型;sourceType;ENUM;source_type;100;false;17;true;false;false;{"HTTP":"HTTP","SQL":"SQL","JSON":"JSON","EXCEL":"EXCEL"};6;false;NULL;false;NULL;false;false
198;主体内容;apiBody;TEXTBLOB;api_body;100;false;17;true;false;false;NULL;7;false;NULL;false;CODE_EDITOR;false;false
199;可能存放的结果;result;TEXTBLOB;result;100;false;17;true;false;false;NULL;8;false;NULL;false;NULL;false;false
200;更新间隔(秒);updateInterval;INTEGER;update_interval;80;false;17;true;false;false;NULL;9;false;NULL;false;NULL;false;false
201;最新运行时间;lastSQLRunTime;ZONED_DATE_TIME;last_sql_run_time;140;false;17;true;false;false;NULL;10;false;NULL;false;NULL;false;false
202;是否可用;enable;BOOLEAN;enable;70;false;17;true;false;false;NULL;11;false;NULL;false;NULL;false;false
204;ID;id;LONG;id;80;false;18;true;false;true;NULL;1;false;NULL;false;NULL;false;false
205;名称;name;STRING;name;160;false;18;true;false;false;NULL;2;false;NULL;false;NULL;false;false
206;代码;code;STRING;code;160;false;18;true;false;false;NULL;3;false;NULL;false;NULL;false;false
207;描述;description;STRING;description;160;false;18;true;false;false;NULL;4;false;NULL;false;NULL;false;false
208;图标;icon;STRING;icon;160;false;18;true;false;false;NULL;5;false;NULL;false;NULL;false;false
210;ID;id;LONG;id;80;false;19;true;false;true;NULL;1;false;NULL;false;NULL;false;false
211;名称;name;STRING;name;160;false;19;true;false;false;NULL;2;true;{"required":true,"maxLength":100};false;NULL;false;false
212;关系类型;relationshipType;ENUM;relationship_type;100;false;19;true;false;false;{"ONE_TO_MANY":"ONE_TO_MANY","MANY_TO_ONE":"MANY_TO_ONE","MANY_TO_MANY":"MANY_TO_MANY","ONE_TO_ONE":"ONE_TO_ONE"};3;true;{"required":true};false;NULL;false;false
213;来源类型;sourceType;ENUM;source_type;100;false;19;true;false;false;{"ENTITY":"ENTITY","DATA_DICTIONARY":"DATA_DICTIONARY","SERVICE_ENTITY":"SERVICE_ENTITY"};4;true;{"required":true};false;NULL;false;false
214;关联表显示字段;otherEntityField;STRING;other_entity_field;160;false;19;true;false;false;NULL;5;false;{"maxLength":100};false;NULL;false;false
215;关联实体名称;otherEntityName;STRING;other_entity_name;160;false;19;true;false;false;NULL;6;true;{"required":true,"maxLength":100};false;NULL;false;false
216;关系属性名称;relationshipName;STRING;relationship_name;160;false;19;true;false;false;NULL;7;true;{"required":true,"maxLength":100};false;NULL;false;false
217;对方属性名称;otherEntityRelationshipName;STRING;other_entity_relationship_name;160;false;19;true;false;false;NULL;8;false;{"maxLength":100};false;NULL;false;false
218;列宽;columnWidth;INTEGER;column_width;80;false;19;true;false;false;NULL;9;false;NULL;false;NULL;false;false
219;显示顺序;order;INTEGER;`order`;80;false;19;true;false;false;NULL;10;false;NULL;false;NULL;false;false
220;列固定;fixed;ENUM;fixed;100;false;19;true;false;false;{"LEFT":"LEFT","RIGHT":"RIGHT"};11;false;NULL;false;NULL;false;false
221;行内编辑;editInList;BOOLEAN;edit_in_list;70;false;19;true;false;false;NULL;12;false;NULL;false;NULL;false;false
222;可过滤;enableFilter;BOOLEAN;enable_filter;70;false;19;true;false;false;NULL;13;false;NULL;false;NULL;false;false
223;列表隐藏;hideInList;BOOLEAN;hide_in_list;70;false;19;true;false;false;NULL;14;false;NULL;false;NULL;false;false
224;表单隐藏;hideInForm;BOOLEAN;hide_in_form;70;false;19;true;false;false;NULL;15;false;NULL;false;NULL;false;false
225;系统定义;system;BOOLEAN;`system`;70;false;19;true;false;false;NULL;16;false;NULL;false;NULL;false;false
226;字体颜色;fontColor;STRING;font_color;160;false;19;true;false;false;NULL;17;false;{"maxLength":80};false;NULL;false;false
227;列背景色;backgroundColor;STRING;background_color;160;false;19;true;false;false;NULL;18;false;{"maxLength":80};false;NULL;false;false
228;详细字段说明;help;STRING;help;160;false;19;true;false;false;NULL;19;false;{"maxLength":200};false;NULL;false;false
229;是否维护端;ownerSide;BOOLEAN;owner_side;70;false;19;true;false;false;NULL;20;false;NULL;false;NULL;false;false
230;数据源名称;dataName;STRING;data_name;160;false;19;true;false;false;NULL;21;true;{"required":true,"maxLength":100};false;NULL;false;false
231;Web控件类型;webComponentType;STRING;web_component_type;160;false;19;true;false;false;NULL;22;false;{"maxLength":100};false;NULL;false;false
232;是否树形实体;otherEntityIsTree;BOOLEAN;other_entity_is_tree;70;false;19;true;false;false;NULL;23;false;NULL;false;NULL;false;false
233;显示在过滤树;showInFilterTree;BOOLEAN;show_in_filter_tree;70;false;19;true;false;false;NULL;24;false;NULL;false;NULL;false;false
234;字典表代码;dataDictionaryCode;STRING;data_dictionary_code;160;false;19;true;false;false;NULL;25;false;{"maxLength":100};false;NULL;false;false
235;前端只读;clientReadOnly;BOOLEAN;client_read_only;70;false;19;true;false;false;NULL;26;false;NULL;false;NULL;false;false
236;前端用法;endUsed;ENUM;end_used;100;false;19;true;false;false;{"FILE_URL":"FILE_URL","IMAGE_URL":"IMAGE_URL","VIDEO_URL":"VIDEO_URL","AUDIO_URL":"AUDIO_URL","EDITOR":"EDITOR","CODE_EDITOR":"CODE_EDITOR","SELECT":"SELECT","MODAL_SELECT":"MODAL_SELECT","CHECKBOX":"CHECKBOX","RADIO":"RADIO","RATE":"RATE","SLIDER":"SLIDER","SWITCH":"SWITCH","TEXT_AREA":"TEXT_AREA","AVATAR":"AVATAR"};27;false;NULL;false;NULL;false;false
237;关系配置项;options;STRING;options;160;false;19;true;false;false;NULL;28;false;NULL;false;CODE_EDITOR;false;false
239;ID;id;LONG;id;80;false;20;true;false;true;NULL;1;false;NULL;false;NULL;false;false
240;日志类型;logType;ENUM;log_type;100;false;20;true;false;false;{"LOGIN":"LOGIN","OPERATE":"OPERATE"};2;false;NULL;false;NULL;false;false
241;日志内容;logContent;STRING;log_content;160;false;20;true;false;false;NULL;3;false;NULL;false;NULL;false;false
242;操作类型;operateType;INTEGER;operate_type;80;false;20;true;false;false;NULL;4;false;NULL;false;NULL;false;false
243;操作用户账号;userid;STRING;userid;160;false;20;true;false;false;NULL;5;false;NULL;false;NULL;false;false
244;操作用户名称;username;STRING;username;160;false;20;true;false;false;NULL;6;false;NULL;false;NULL;false;false
245;IP;ip;STRING;ip;160;false;20;true;false;false;NULL;7;false;NULL;false;NULL;false;false
246;请求java方法;method;STRING;method;160;false;20;true;false;false;NULL;8;false;NULL;false;NULL;false;false
247;请求路径;requestUrl;STRING;request_url;160;false;20;true;false;false;NULL;9;false;NULL;false;NULL;false;false
248;请求参数;requestParam;TEXTBLOB;request_param;100;false;20;true;false;false;NULL;10;false;NULL;false;NULL;false;false
249;请求类型;requestType;STRING;request_type;160;false;20;true;false;false;NULL;11;false;NULL;false;NULL;false;false
250;耗时;costTime;LONG;cost_time;80;false;20;true;false;false;NULL;12;false;NULL;false;NULL;false;false
252;ID;id;LONG;id;80;true;21;true;false;true;NULL;1;false;NULL;false;NULL;false;false
253;权限名称;text;STRING;text;160;false;21;true;false;false;NULL;2;false;NULL;true;NULL;false;false
254;i18n主键;i18n;STRING;i_18_n;160;false;21;true;false;false;NULL;3;false;NULL;false;NULL;false;false
255;显示分组名;group;BOOLEAN;`group`;70;false;21;true;false;false;NULL;4;false;NULL;false;NULL;false;false
256;路由;link;STRING;link;160;false;21;true;false;false;NULL;5;false;NULL;false;NULL;false;false
257;外部链接;externalLink;STRING;external_link;160;false;21;true;false;false;NULL;6;false;NULL;false;NULL;false;false
258;链接目标;target;ENUM;target;100;false;21;true;false;false;{"BLANK":"BLANK","SELF":"SELF","PARENT":"PARENT","TOP":"TOP"};7;false;NULL;false;NULL;false;false
259;图标;icon;STRING;icon;160;false;21;true;false;false;NULL;8;false;NULL;false;NULL;false;false
260;禁用菜单;disabled;BOOLEAN;disabled;70;false;21;true;false;false;NULL;9;false;NULL;false;NULL;false;false
261;隐藏菜单;hide;BOOLEAN;hide;70;false;21;true;false;false;NULL;10;false;NULL;false;NULL;false;false
262;隐藏面包屑;hideInBreadcrumb;BOOLEAN;hide_in_breadcrumb;70;false;21;true;false;false;NULL;11;false;NULL;false;NULL;false;false
263;快捷菜单项;shortcut;BOOLEAN;shortcut;70;false;21;true;false;false;NULL;12;false;NULL;false;NULL;false;false
264;菜单根节点;shortcutRoot;BOOLEAN;shortcut_root;70;false;21;true;false;false;NULL;13;false;NULL;false;NULL;false;false
265;允许复用;reuse;BOOLEAN;reuse;70;false;21;true;false;false;NULL;14;false;NULL;false;NULL;false;false
266;权限代码(ROLE_开头);code;STRING;code;160;false;21;true;false;false;NULL;15;false;NULL;false;NULL;false;false
267;权限描述;description;STRING;description;160;false;21;true;false;false;NULL;16;false;NULL;false;NULL;false;false
268;权限类型;type;ENUM;type;100;false;21;true;false;false;{"MENU":"MENU","BUTTON":"BUTTON"};17;false;NULL;false;NULL;false;false
269;排序;order;INTEGER;`order`;80;false;21;true;false;false;NULL;18;false;NULL;false;NULL;false;false
270;api权限标识串;apiPermissionCodes;STRING;api_permission_codes;160;false;21;true;false;false;NULL;19;false;NULL;false;NULL;false;false
271;组件名称;componentFile;STRING;component_file;160;false;21;true;false;false;NULL;20;false;NULL;false;NULL;false;false
272;组件名称;redirect;STRING;redirect;160;false;21;true;false;false;NULL;21;false;NULL;false;NULL;false;false
274;ID;id;LONG;id;80;false;22;true;false;true;NULL;1;false;NULL;false;NULL;false;false
275;前置符号;prefix;STRING;prefix;160;false;22;true;false;false;NULL;2;false;NULL;false;NULL;false;false
276;字段名称;fieldName;STRING;field_name;160;false;22;true;false;false;NULL;3;false;NULL;false;NULL;false;false
277;字段类型;fieldType;STRING;field_type;160;false;22;true;false;false;NULL;4;false;NULL;false;NULL;false;false
278;运算符号;operator;STRING;operator;160;false;22;true;false;false;NULL;5;false;NULL;false;NULL;false;false
279;比较值;value;STRING;value;160;false;22;true;false;false;NULL;6;false;NULL;false;NULL;false;false
280;后缀;suffix;STRING;suffix;160;false;22;true;false;false;NULL;7;false;NULL;false;NULL;false;false
281;顺序;order;INTEGER;`order`;80;false;22;true;false;false;NULL;8;false;NULL;false;NULL;false;false
283;ID;id;LONG;id;80;false;23;true;false;true;NULL;1;false;NULL;false;NULL;false;false
284;菜单ID;permissionId;STRING;permission_id;160;false;23;true;false;false;NULL;2;false;NULL;false;NULL;false;false
285;规则名称;name;STRING;name;160;false;23;true;false;false;NULL;3;false;NULL;false;NULL;false;false
286;字段;column;STRING;`column`;160;false;23;true;false;false;NULL;4;false;NULL;false;NULL;false;false
287;条件;conditions;STRING;conditions;160;false;23;true;false;false;NULL;5;false;NULL;false;NULL;false;false
288;规则值;value;STRING;value;160;false;23;true;false;false;NULL;6;false;NULL;false;NULL;false;false
289;禁用状态;disabled;BOOLEAN;disabled;70;false;23;true;false;false;NULL;7;false;NULL;false;NULL;false;false
291;ID;id;LONG;id;80;false;24;true;false;true;NULL;1;false;NULL;false;NULL;false;false
292;名称;name;STRING;name;160;false;24;true;false;false;NULL;2;true;{"required":true,"maxLength":80};false;NULL;false;false
293;实体名称;entityName;STRING;entity_name;160;false;24;true;false;false;NULL;3;true;{"required":true,"maxLength":80};false;NULL;false;false
294;数据库表名;tableName;STRING;table_name;160;false;24;true;false;false;NULL;4;true;{"required":true,"maxLength":80};false;NULL;false;false
295;系统表;system;BOOLEAN;`system`;70;false;24;true;false;false;NULL;5;false;NULL;false;NULL;false;false
296;类名;clazzName;STRING;clazz_name;160;false;24;true;false;false;NULL;6;true;{"required":true,"maxLength":80};false;NULL;false;false
297;是否生成;generated;BOOLEAN;`generated`;70;false;24;true;false;false;NULL;7;false;NULL;false;NULL;false;false
298;创建时间;creatAt;ZONED_DATE_TIME;creat_at;140;false;24;true;false;false;NULL;8;false;NULL;false;NULL;false;false
299;生成表时间;generateAt;ZONED_DATE_TIME;generate_at;140;false;24;true;false;false;NULL;9;false;NULL;false;NULL;false;false
300;编译时间;generateClassAt;ZONED_DATE_TIME;generate_class_at;140;false;24;true;false;false;NULL;10;false;NULL;false;NULL;false;false
301;表说明;description;STRING;description;160;false;24;true;false;false;NULL;11;false;{"maxLength":200};false;NULL;false;false
302;树形表;treeTable;BOOLEAN;tree_table;70;false;24;true;false;false;NULL;12;false;NULL;false;NULL;false;false
303;来源Id;baseTableId;LONG;base_table_id;80;false;24;true;false;false;NULL;13;false;NULL;false;NULL;false;false
304;操作栏宽度;recordActionWidth;INTEGER;record_action_width;80;false;24;true;false;false;NULL;14;false;NULL;false;NULL;false;false
305;前端列表配置;listConfig;TEXTBLOB;list_config;100;false;24;true;false;false;NULL;15;false;NULL;false;NULL;false;false
306;前端表单配置;formConfig;TEXTBLOB;form_config;100;false;24;true;false;false;NULL;16;false;NULL;false;NULL;false;false
307;弹窗编辑;editInModal;BOOLEAN;edit_in_modal;70;false;24;true;false;false;NULL;17;false;NULL;false;NULL;false;false
309;ID;id;LONG;id;80;false;25;true;false;true;NULL;1;false;NULL;false;NULL;false;false
310;规则名称;name;STRING;name;160;false;25;true;false;false;NULL;2;false;NULL;false;NULL;false;false
311;规则Code;code;STRING;code;160;false;25;true;false;false;NULL;3;false;NULL;false;NULL;false;false
312;规则实现类;implClass;STRING;impl_class;160;false;25;true;false;false;NULL;4;false;NULL;false;NULL;false;false
313;规则参数;params;STRING;params;160;false;25;true;false;false;NULL;5;false;NULL;false;NULL;false;false
315;ID;id;LONG;id;80;true;26;true;false;true;NULL;1;false;NULL;false;NULL;false;false
316;标题;title;STRING;title;160;false;26;true;false;false;NULL;2;false;{"maxLength":40};true;NULL;false;false
317;代码;code;STRING;code;160;false;26;true;false;false;NULL;3;false;{"maxLength":20};false;NULL;false;false
318;排序;sort;INTEGER;sort;80;false;26;true;false;false;NULL;4;false;NULL;false;NULL;false;false
320;ID;id;LONG;id;80;false;27;true;false;true;NULL;1;false;NULL;false;NULL;false;false
321;完整文件名;fullName;STRING;full_name;160;false;27;true;false;false;NULL;2;false;NULL;false;NULL;false;false
322;文件名;name;STRING;name;160;false;27;true;false;false;NULL;3;false;NULL;false;NULL;false;false
323;扩展名;ext;STRING;ext;160;false;27;true;false;false;NULL;4;false;NULL;false;NULL;false;false
324;文件类型;type;STRING;type;160;false;27;true;false;false;NULL;5;false;NULL;false;NULL;false;false
325;Url地址;url;STRING;url;160;false;27;true;false;false;NULL;6;false;NULL;false;NULL;false;false
326;本地路径;path;STRING;path;160;false;27;true;false;false;NULL;7;false;NULL;false;NULL;false;false
327;存储目录;folder;STRING;folder;160;false;27;true;false;false;NULL;8;false;NULL;false;NULL;false;false
328;实体名称;entityName;STRING;entity_name;160;false;27;true;false;false;NULL;9;false;NULL;false;NULL;false;false
329;创建时间;createAt;ZONED_DATE_TIME;create_at;140;false;27;true;false;false;NULL;10;false;NULL;false;NULL;false;false
330;文件大小;fileSize;LONG;file_size;80;false;27;true;false;false;NULL;11;false;NULL;false;NULL;false;false
331;被引次数;referenceCount;LONG;reference_count;80;false;27;true;false;false;NULL;12;false;NULL;false;NULL;false;false
333;ID;id;LONG;id;80;false;28;true;false;true;NULL;1;false;NULL;false;NULL;false;false
334;岗位代码;code;STRING;code;160;false;28;true;false;false;NULL;2;true;{"required":true,"maxLength":50,"unique":true};false;NULL;false;false
335;名称;name;STRING;name;160;false;28;true;false;false;NULL;3;true;{"required":true,"maxLength":50,"unique":true};false;NULL;false;false
336;排序;sortNo;INTEGER;sort_no;80;false;28;true;false;false;NULL;4;false;NULL;false;NULL;false;false
337;描述;description;STRING;description;160;false;28;true;false;false;NULL;5;false;{"maxLength":200};false;NULL;false;false
339;ID;id;LONG;id;80;true;29;true;false;true;NULL;1;false;NULL;false;NULL;false;false
340;名称;name;STRING;name;160;false;29;true;false;false;NULL;2;false;NULL;true;NULL;false;false
341;代码;code;STRING;code;160;false;29;true;false;false;NULL;3;false;NULL;false;NULL;false;false
342;字典项文本;title;STRING;title;160;false;29;true;false;false;NULL;4;false;NULL;false;NULL;false;false
343;字典项值;value;STRING;value;160;false;29;true;false;false;NULL;5;false;NULL;false;NULL;false;false
344;描述;description;STRING;description;160;false;29;true;false;false;NULL;6;false;NULL;false;NULL;false;false
345;排序;sortOrder;INTEGER;sort_order;80;false;29;true;false;false;NULL;7;false;NULL;false;NULL;false;false
346;是否禁用;disabled;BOOLEAN;disabled;70;false;29;true;false;false;NULL;8;false;NULL;false;NULL;false;false
347;字体颜色;fontColor;STRING;font_color;160;false;29;true;false;false;NULL;9;false;NULL;false;NULL;false;false
348;值类型;valueType;ENUM;value_type;100;false;29;true;false;false;{"NUMBER":"NUMBER","STRING":"STRING"};10;false;NULL;false;NULL;false;false
349;背景颜色;backgroundColor;STRING;background_color;160;false;29;true;false;false;NULL;11;false;NULL;false;NULL;false;false
351;ID;id;LONG;id;80;false;30;true;false;true;NULL;1;false;NULL;false;NULL;false;false
352;名称;name;STRING;name;160;false;30;true;false;false;NULL;2;true;{"required":true,"maxLength":50};false;NULL;false;false
353;描述;description;STRING;description;160;false;30;true;false;false;NULL;3;false;NULL;false;NULL;false;false
354;最后更新时间;lastModifiedTime;ZONED_DATE_TIME;last_modified_time;140;false;30;true;false;false;NULL;4;false;NULL;false;NULL;false;false
356;ID;id;LONG;id;80;false;31;true;false;true;NULL;1;false;NULL;false;NULL;false;false
357;gps坐标类型;type;ENUM;type;100;false;31;true;false;false;{"BAIDU":"BAIDU","GOOGLE_MAP":"GOOGLE_MAP","GOOGLE_EART":"GOOGLE_EART","AMAP":"AMAP"};2;false;NULL;false;NULL;false;false
358;纬度;latitude;DOUBLE;latitude;100;false;31;true;false;false;NULL;3;false;NULL;false;NULL;false;false
359;经度;longitude;DOUBLE;longitude;100;false;31;true;false;false;NULL;4;false;NULL;false;NULL;false;false
360;地址描述;address;STRING;address;160;false;31;true;false;false;NULL;5;false;NULL;false;NULL;false;false
362;ID;id;LONG;id;80;true;32;true;false;true;NULL;1;false;NULL;false;NULL;false;false
363;名称;name;STRING;name;160;false;32;true;false;false;NULL;2;false;NULL;true;NULL;false;false
364;地区代码;areaCode;STRING;area_code;160;false;32;true;false;false;NULL;3;false;NULL;false;NULL;false;false
365;城市代码;cityCode;STRING;city_code;160;false;32;true;false;false;NULL;4;false;NULL;false;NULL;false;false
366;全名;mergerName;STRING;merger_name;160;false;32;true;false;false;NULL;5;false;NULL;false;NULL;false;false
367;短名称;shortName;STRING;short_name;160;false;32;true;false;false;NULL;6;false;NULL;false;NULL;false;false
368;邮政编码;zipCode;STRING;zip_code;160;false;32;true;false;false;NULL;7;false;NULL;false;NULL;false;false
369;等级;level;ENUM;level;100;false;32;true;false;false;{"PROVINCE":"PROVINCE","CITY":"CITY","COUNTY":"COUNTY","TOWN":"TOWN","VILLAGE":"VILLAGE"};8;false;NULL;false;NULL;false;false
370;经度;lng;DOUBLE;lng;100;false;32;true;false;false;NULL;9;false;NULL;false;NULL;false;false
371;纬度;lat;DOUBLE;lat;100;false;32;true;false;false;NULL;10;false;NULL;false;NULL;false;false